Event,Price
Non Farm Payrolls,1285.8
Ivey PMI s.a,1289.9
Business Confidence,1285.9
Inflation Rate YoY,1292.0
Core Inflation Rate YoY,1289.5
Inflation Rate YoY,1289.5
Inflation Rate YoY,1293.8
Inflation Rate YoY,1292.3
Inflation Rate YoY,1282.6
Claimant Count Change,1285.8
Balance of Trade,1285.8
Consumer Confidence,1315.5
Business Confidence,1315.5
Gfk Consumer Confidence,1315.5
NBS Manufacturing PMI,1315.5
Caixin Manufacturing PMI,1325.2
Non Farm Payrolls,1322.1
Balance of Trade,1314.4
Ivey PMI s.a,1314.4
Inflation Rate YoY,1315.1
Core Inflation Rate YoY,1315.1
Inflation Rate YoY,1315.1
Retail Sales MoM,1313.9
Inflation Rate YoY,1313.9
Claimant Count Change,1344.8
Balance of Trade,1344.8
Durable Goods Orders MoM,1327.8
Inflation Rate YoY,1327.8
Business Confidence,1321.2
Inflation Rate YoY,1321.2
Gfk Consumer Confidence,1321.2
NBS Manufacturing PMI,1321.2
Caixin Manufacturing PMI,1316.1
Consumer Confidence,1299.2
Personal Income MoM,1299.2
Personal Income MoM,1299.2
Personal Spending MoM,1299.2
Balance of Trade,1287.6
Balance of Trade,1287.6
Ivey PMI s.a,1287.6
Non Farm Payrolls,1299.3
Inflation Rate YoY,1299.3
Retail Sales MoM,1291.1
Balance of Trade,1298.1
Core Inflation Rate YoY,1298.1
Inflation Rate YoY,1298.1
Durable Goods Orders MoM,1309.3
Claimant Count Change,1306.5
Inflation Rate YoY,1301.7
Inflation Rate YoY,1307.3
Inflation Rate YoY,1312.3
Balance of Trade,1310.4
Balance of Trade,1310.4
Business Confidence,1295.3
Gfk Consumer Confidence,1295.3
Personal Income MoM,1298.5
Personal Spending MoM,1298.5
Retail Sales MoM,1294.2
Durable Goods Orders MoM,1295.4
Ivey PMI s.a,1294.3
Non Farm Payrolls,1295.6
Consumer Confidence,1301.9
Core Inflation Rate YoY,1313.9
Inflation Rate YoY,1313.9
Inflation Rate YoY,1313.9
Claimant Count Change,1277.2
Balance of Trade,1277.2
Inflation Rate YoY,1276.8
Balance of Trade,1276.8
Inflation Rate YoY,1276.8
Balance of Trade,1276.8
Retail Sales MoM,1276.0
Inflation Rate YoY,1276.0
Durable Goods Orders MoM,1279.7
Business Confidence,1281.5
Personal Income MoM,1281.5
Personal Spending MoM,1281.5
Personal Spending MoM,1281.5
Gfk Consumer Confidence,1281.5
NBS Manufacturing PMI,1281.5
Caixin Manufacturing PMI,1281.5
Non Farm Payrolls,1281.5
Ivey PMI s.a,1285.6
Inflation Rate YoY,1281.4
Consumer Confidence,1285.2
Balance of Trade,1285.2
Balance of Trade,1285.2
Core Inflation Rate YoY,1285.2
Inflation Rate YoY,1285.2
Claimant Count Change,1296.3
Inflation Rate YoY,1297.8
Retail Sales MoM,1297.8
Balance of Trade,1273.2
Inflation Rate YoY,1274.2
Inflation Rate YoY,1285.4
Durable Goods Orders MoM,1285.4
Business Confidence,1280.1
Gfk Consumer Confidence,1292.4
NBS Manufacturing PMI,1292.4
Consumer Confidence,1292.4
Personal Income MoM,1292.4
Personal Spending MoM,1292.4
Balance of Trade,1342.7
Balance of Trade,1342.7
Ivey PMI s.a,1342.7
Non Farm Payrolls,1346.1
Claimant Count Change,1331.2
Inflation Rate YoY,1331.2
Core Inflation Rate YoY,1336.8
Inflation Rate YoY,1336.8
Retail Sales MoM,1344.5
Balance of Trade,1350.7
Inflation Rate YoY,1348.8
Inflation Rate YoY,1348.8
Inflation Rate YoY,1396.9
Durable Goods Orders MoM,1415.4
Business Confidence,1412.0
Gfk Consumer Confidence,1412.0
Personal Income MoM,1413.7
Personal Spending MoM,1413.7
Consumer Confidence,1389.3
Balance of Trade,1420.9
Balance of Trade,1420.9
Non Farm Payrolls,1403.4
Ivey PMI s.a,1403.4
Inflation Rate YoY,1400.5
Core Inflation Rate YoY,1406.7
Inflation Rate YoY,1406.7
Claimant Count Change,1411.2
Retail Sales MoM,1411.2
Inflation Rate YoY,1423.3
Inflation Rate YoY,1423.3
Balance of Trade,1423.3
Inflation Rate YoY,1428.1
Durable Goods Orders MoM,1414.7
Business Confidence,1441.8
Personal Income MoM,1441.8
Personal Spending MoM,1441.8
Gfk Consumer Confidence,1441.8
NBS Manufacturing PMI,1441.8
Consumer Confidence,1437.8
Caixin Manufacturing PMI,1437.8
Balance of Trade,1457.5
Balance of Trade,1457.5
Non Farm Payrolls,1457.5
Ivey PMI s.a,1519.6
Inflation Rate YoY,1509.5
Claimant Count Change,1514.1
Core Inflation Rate YoY,1514.1
Inflation Rate YoY,1514.1
Inflation Rate YoY,1527.8
Retail Sales MoM,1531.2
Inflation Rate YoY,1515.7
Inflation Rate YoY,1508.5
Durable Goods Orders MoM,1537.2
Business Confidence,1536.9
Gfk Consumer Confidence,1536.9
Personal Income MoM,1529.4
Personal Spending MoM,1529.4
NBS Manufacturing PMI,1529.4
Balance of Trade,1560.4
Balance of Trade,1560.4
Non Farm Payrolls,1515.5
Ivey PMI s.a,1515.5
Inflation Rate YoY,1511.1
Claimant Count Change,1499.2
Core Inflation Rate YoY,1507.4
Inflation Rate YoY,1507.4
Retail Sales MoM,1499.5
Balance of Trade,1513.4
Inflation Rate YoY,1515.8
Inflation Rate YoY,1515.8
Inflation Rate YoY,1506.2
Gfk Consumer Confidence,1515.2
Business Confidence,1506.4
Durable Goods Orders MoM,1506.4
Personal Income MoM,1506.4
Personal Spending MoM,1506.4
Tankan Large Manufacturers Index,1472.9
Balance of Trade,1512.9
Balance of Trade,1512.9
Non Farm Payrolls,1512.9
Ivey PMI s.a,1512.9
Core Inflation Rate YoY,1500.9
Inflation Rate YoY,1500.9
Inflation Rate YoY,1497.6
Claimant Count Change,1483.5
Inflation Rate YoY,1494.0
Inflation Rate YoY,1494.0
Retail Sales MoM,1494.0
Inflation Rate YoY,1498.3
Durable Goods Orders MoM,1504.7
Business Confidence,1496.7
Gfk Consumer Confidence,1496.7
NBS Manufacturing PMI,1496.7
Consumer Confidence,1514.8
Personal Income MoM,1514.8
Personal Spending MoM,1514.8
Caixin Manufacturing PMI,1514.8
Non Farm Payrolls,1511.4
Balance of Trade,1483.7
Balance of Trade,1483.7
Ivey PMI s.a,1493.1
Inflation Rate YoY,1462.9
Claimant Count Change,1453.7
Inflation Rate YoY,1463.3
Core Inflation Rate YoY,1463.3
Inflation Rate YoY,1463.3
Retail Sales MoM,1468.5
Balance of Trade,1474.3
Loan Prime Rate 1Y,1474.3
Inflation Rate YoY,1474.2
Inflation Rate YoY,1463.6
Durable Goods Orders MoM,1453.4
Personal Income MoM,1453.4
Personal Spending MoM,1453.4
Business Confidence,1472.7
GfK Consumer Confidence,1472.7
Consumer Confidence,1472.7
NBS Manufacturing PMI,1472.7
Balance of Trade,1483.1
Balance of Trade,1483.1
Ivey PMI s.a,1483.1
Non Farm Payrolls,1465.1
Inflation Rate YoY,1464.9
Core Inflation Rate YoY,1475.0
Inflation Rate YoY,1475.0
Tankan Large Manufacturers Index,1472.3
Retail Sales MoM,1481.2
Claimant Count Change,1480.6
Balance of Trade,1480.6
Inflation Rate YoY,1478.7
Inflation Rate YoY,1478.7
Inflation Rate YoY,1484.4
GfK Consumer Confidence,1484.4
Personal Income MoM,1480.9
Personal Spending MoM,1480.9
Durable Goods Orders MoM,1488.7
NBS Manufacturing PMI,1518.6
Balance of Trade,1574.3
Balance of Trade,1574.3
Ivey PMI s.a,1574.3
Consumer Confidence,1560.2
Business Confidence,1560.2
Inflation Rate YoY,1560.2
Non Farm Payrolls,1560.1
Core Inflation Rate YoY,1544.6
Inflation Rate YoY,1544.6
Inflation Rate YoY,1554.0
Retail Sales MoM,1550.5
Claimant Count Change,1560.8
Inflation Rate YoY,1556.7
Balance of Trade,1556.7
Inflation Rate YoY,1565.4
Durable Goods Orders MoM,1569.8
Consumer Confidence,1570.4
Business Confidence,1589.2
Gfk Consumer Confidence,1589.2
NBS Manufacturing PMI,1589.2
Personal Income MoM,1587.9
Personal Spending MoM,1587.9
Balance of Trade,1562.8
Balance of Trade,1562.8
Non Farm Payrolls,1573.4
Ivey PMI s.a,1573.4
Core Inflation Rate YoY,1578.8
Inflation Rate YoY,1578.8
Retail Sales MoM,1586.4
Claimant Count Change,1603.6
Balance of Trade,1603.6
Inflation Rate YoY,1611.8
Inflation Rate YoY,1611.8
Inflation Rate YoY,1620.5
Business Confidence,1642.5
Durable Goods Orders MoM,1642.5
Gfk Consumer Confidence,1642.5
Personal Income MoM,1566.7
Personal Spending MoM,1566.7
NBS Manufacturing PMI,1566.7
Consumer Confidence,1644.4
Balance of Trade,1672.4
Balance of Trade,1672.4
Non Farm Payrolls,1672.4
Ivey PMI s.a,1672.4
Inflation Rate YoY,1675.7
Core Inflation Rate YoY,1642.3
Inflation Rate YoY,1642.3
Claimant Count Change,1525.8
Retail Sales MoM,1525.8
Balance of Trade,1525.8
Inflation Rate YoY,1477.9
Inflation Rate YoY,1477.9
Inflation Rate YoY,1633.4
Durable Goods Orders MoM,1633.4
Personal Income MoM,1654.1
Personal Spending MoM,1654.1
Business Confidence,1643.2
Gfk Consumer Confidence,1643.2
NBS Manufacturing PMI,1643.2
Tankan Large Manufacturers Index,1596.6
Caixin Manufacturing PMI,1596.6
Balance of Trade,1637.7
Balance of Trade,1637.7
Non Farm Payrolls,1645.7
Ivey PMI s.a,1683.7
Inflation Rate YoY,1752.8
Retail Sales MoM,1740.2
Claimant Count Change,1687.8
Inflation Rate YoY,1738.3
Inflation Rate YoY,1738.3
Gfk Consumer Confidence,1745.4
Durable Goods Orders MoM,1735.6
NBS Manufacturing PMI,1713.4
Caixin Manufacturing PMI,1713.4
Personal Income MoM,1694.2
Personal Spending MoM,1694.2
Balance of Trade,1710.6
Balance of Trade,1710.6
Ivey PMI s.a,1725.8
Non Farm Payrolls,1725.8
Inflation Rate YoY,1725.8
Core Inflation Rate YoY,1706.8
Inflation Rate YoY,1706.8
Retail Sales MoM,1716.4
Claimant Count Change,1745.6
Loan Prime Rate 1Y,1745.6
Inflation Rate YoY,1752.1
Inflation Rate YoY,1752.1
Balance of Trade,1752.1
Durable Goods Orders MoM,1728.3
Personal Income MoM,1728.3
Personal Spending MoM,1728.3
Balance of Trade,1727.4
Balance of Trade,1727.4
Gfk Consumer Confidence Final,1727.4
Non Farm Payrolls,1683.0
Inflation Rate YoY,1721.9
Core Inflation Rate YoY,1720.7
Inflation Rate YoY,1720.7
Claimant Count Change,1736.5
Retail Sales MoM,1736.5
Balance of Trade,1736.5
Inflation Rate YoY,1735.6
Inflation Rate YoY,1735.6
Inflation Rate YoY,1731.1
Durable Goods Orders MoM,1770.6
Personal Income MoM,1780.3
Personal Spending MoM,1780.3
NBS Manufacturing PMI,1781.2
Tankan Large Manufacturers Index,1800.5
Caixin Manufacturing PMI,1800.5
Balance of Trade,1790.0
Balance of Trade,1790.0
Non Farm Payrolls,1790.0
Inflation Rate YoY,1820.6
Core Inflation Rate YoY,1813.4
Inflation Rate YoY,1813.4
Inflation Rate YoY,1813.8
Claimant Count Change,1800.3
Retail Sales MoM,1800.3
Inflation Rate YoY,1865.1
Gfk Consumer Confidence,1890.0
Durable Goods Orders MoM,1931.0
NBS Manufacturing PMI,1966.8
Personal Income MoM,1985.9
Personal Spending MoM,1985.9
Balance of Trade,2049.3
Balance of Trade,2049.3
Non Farm Payrolls,2028.0
Ivey PMI s.a,2028.0
Claimant Count Change,1946.3
Core Inflation Rate YoY,1949.0
Inflation Rate YoY,1949.0
Retail Sales MoM,1949.8
Balance of Trade,2013.1
Inflation Rate YoY,1970.3
Inflation Rate YoY,1970.3
Gfk Consumer Confidence,1946.5
Durable Goods Orders MoM,1952.5
Personal Income MoM,1974.9
Personal Spending MoM,1974.9
Caixin Manufacturing PMI,1978.6
Balance of Trade,1937.8
Balance of Trade,1937.8
Non Farm Payrolls,1934.3
Inflation Rate YoY,1939.5
Core Inflation Rate YoY,1947.9
Inflation Rate YoY,1947.9
Claimant Count Change,1966.2
Balance of Trade,1966.2
Inflation Rate YoY,1970.5
Inflation Rate YoY,1970.5
Retail Sales MoM,1970.5
Gfk Consumer Confidence,1876.9
Durable Goods Orders MoM,1866.3
NBS Manufacturing PMI,1903.2
Caixin Manufacturing PMI,1903.2
Tankan Large Manufacturers Index,1895.5
Personal Income MoM,1916.3
Personal Spending MoM,1916.3
Non Farm Payrolls,1907.6
Balance of Trade,1908.8
Balance of Trade,1908.8
Claimant Count Change,1894.6
Core Inflation Rate YoY,1894.6
Inflation Rate YoY,1894.6
Inflation Rate YoY,1907.3
Retail Sales MoM,1906.4
Loan Prime Rate 1Y,1911.7
Inflation Rate YoY,1929.5
Inflation Rate YoY,1929.5
Gfk Consumer Confidence,1904.6
Durable Goods Orders MoM,1911.9
Personal Income MoM,1879.9
Personal Spending MoM,1879.9
NBS Manufacturing PMI,1879.9
Balance of Trade,1896.2
Balance of Trade,1896.2
Non Farm Payrolls,1951.7
Ivey PMI s.a,1951.7
Inflation Rate YoY,1854.4
Claimant Count Change,1876.4
Core Inflation Rate YoY,1873.3
Inflation Rate YoY,1873.3
Retail Sales MoM,1885.1
Balance of Trade,1885.1
Inflation Rate YoY,1873.9
Inflation Rate YoY,1873.9
Inflation Rate YoY,1861.5
GfK Consumer Confidence,1861.5
Durable Goods Orders MoM,1805.5
Personal Income MoM,1805.5
Personal Spending MoM,1805.5
Caixin Manufacturing PMI,1780.9
Balance of Trade,1840.0
Balance of Trade,1840.0
Non Farm Payrolls,1840.0
Ivey PMI s.a,1866.0
Inflation Rate YoY,1874.9
Core Inflation Rate YoY,1837.4
Inflation Rate YoY,1837.4
Balance of Trade,1855.3
Inflation Rate YoY,1859.1
Inflation Rate YoY,1859.1
Retail Sales MoM,1859.1
GfK Consumer Confidence,1890.4
Durable Goods Orders MoM,1878.1
Personal Income MoM,1878.1
Personal Spending MoM,1878.1
NBS Manufacturing PMI,1893.4
Balance of Trade,1913.6
Balance of Trade,1913.6
Non Farm Payrolls,1835.4
Core Inflation Rate YoY,1854.9
Inflation Rate YoY,1854.9
Retail Sales MoM,1829.9
Inflation Rate YoY,1866.5
Inflation Rate YoY,1866.5
Balance of Trade,1866.5
Gfk Consumer Confidence,1865.9
Claimant Count Change,1850.9
Durable Goods Orders MoM,1844.9
Personal Income MoM,1850.3
Personal Spending MoM,1850.3
Balance of Trade,1813.0
Balance of Trade,1813.0
Non Farm Payrolls,1813.0
Inflation Rate YoY,1837.5
Core Inflation Rate YoY,1842.7
Inflation Rate YoY,1842.7
Balance of Trade,1799.0
Inflation Rate YoY,1772.8
Inflation Rate YoY,1772.8
Retail Sales MoM,1772.8
Gfk Consumer Confidence,1775.0
Durable Goods Orders MoM,1775.4
Personal Income MoM,1728.8
Personal Spending MoM,1728.8
Balance of Trade,1698.5
Balance of Trade,1698.5
Non Farm Payrolls,1698.5
Inflation Rate YoY,1716.9
Core Inflation Rate YoY,1721.8
Inflation Rate YoY,1721.8
Retail Sales MoM,1730.9
Balance of Trade,1730.9
Inflation Rate YoY,1727.1
Gfk Consumer Confidence,1732.5
Inflation Rate YoY,1733.2
Durable Goods Orders MoM,1733.2
Personal Income MoM,1732.3
Personal Spending MoM,1732.3
NBS Manufacturing PMI,1686.0
Tankan Large Manufacturers Index,1715.6
Caixin Manufacturing PMI,1715.6
Balance of Trade,1741.6
Balance of Trade,1741.6
Ivey PMI s.a,1741.6
Inflation Rate YoY,1758.2
Core Inflation Rate YoY,1747.6
Inflation Rate YoY,1747.6
Retail Sales MoM,1766.8
Loan Prime Rate 1Y,1770.6
Inflation Rate YoY,1793.1
Inflation Rate YoY,1793.1
Gfk Consumer Confidence,1782.0
Durable Goods Orders MoM,1780.1
NBS Manufacturing PMI,1768.3
Caixin Manufacturing PMI,1768.3
Personal Income MoM,1767.7
Personal Spending MoM,1767.7
Balance of Trade,1776.0
Balance of Trade,1776.0
Non Farm Payrolls,1776.0
Inflation Rate YoY,1776.0
Core Inflation Rate YoY,1822.8
Inflation Rate YoY,1822.8
Retail Sales MoM,1822.8
Inflation Rate YoY,1881.5
Inflation Rate YoY,1881.5
Balance of Trade,1881.5
Gfk Consumer Confidence,1881.9
Durable Goods Orders MoM,1895.7
Personal Income MoM,1895.7
Personal Spending MoM,1895.7
NBS Manufacturing PMI,1895.7
Caixin Manufacturing PMI,1895.7
Non Farm Payrolls,1892.0
Balance of Trade,1894.4
Balance of Trade,1894.4
Inflation Rate YoY,1894.4
Core Inflation Rate YoY,1896.4
Inflation Rate YoY,1896.4
Retail Sales MoM,1856.4
Balance of Trade,1856.4
Inflation Rate YoY,1861.4
Inflation Rate YoY,1861.4
Durable Goods Orders MoM,1776.7
Gfk Consumer Confidence,1776.7
Personal Income MoM,1777.8
Personal Spending MoM,1777.8
NBS Manufacturing PMI,1763.6
Tankan Large Manufacturers Index,1771.6
Caixin Manufacturing PMI,1771.6
Balance of Trade,1783.3
Balance of Trade,1783.3
Non Farm Payrolls,1783.3
Inflation Rate YoY,1800.2
Core Inflation Rate YoY,1809.9
Inflation Rate YoY,1809.9
Inflation Rate YoY,1825.0
Retail Sales MoM,1815.0
Balance of Trade,1811.4
Gfk Consumer Confidence,1805.4
Durable Goods Orders MoM,1799.8
Inflation Rate YoY,1799.7
Personal Income MoM,1817.2
Personal Spending MoM,1817.2
NBS Manufacturing PMI,1817.2
Balance of Trade,1808.9
Balance of Trade,1808.9
Non Farm Payrolls,1763.1
Core Inflation Rate YoY,1753.3
Inflation Rate YoY,1753.3
Retail Sales MoM,1787.8
Balance of Trade,1787.8
Inflation Rate YoY,1784.4
Inflation Rate YoY,1784.4
Gfk Consumer Confidence,1783.1
Durable Goods Orders MoM,1791.0
Personal Income MoM,1819.5
Personal Spending MoM,1819.5
NBS Manufacturing PMI,1812.2
Caixin Manufacturing PMI,1818.1
Balance of Trade,1811.5
Balance of Trade,1811.5
Non Farm Payrolls,1833.7
Inflation Rate YoY,1793.5
Core Inflation Rate YoY,1807.1
Inflation Rate YoY,1807.1
Inflation Rate YoY,1794.8
Inflation Rate YoY,1794.8
Balance of Trade,1794.8
Retail Sales MoM,1756.7
Gfk Consumer Confidence,1749.8
Durable Goods Orders MoM,1752.0
NBS Manufacturing PMI,1722.9
Caixin Manufacturing PMI,1722.9
Tankan Large Manufacturers Index,1757.0
Inflation Rate YoY Flash,1758.4
Personal Income MoM,1758.4
Personal Spending MoM,1758.4
ISM Manufacturing PMI,1758.4
Balance of Trade,1760.9
Balance of Trade,1760.9
Non Farm Payrolls,1757.4
JOLTs Job Openings,1759.3
Exports YoY,1759.3
Imports YoY,1759.3
Core Inflation Rate YoY,1794.7
Inflation Rate YoY,1794.7
Inflation Rate YoY,1794.7
Retail Sales MoM,1768.3
Michigan Consumer Sentiment Prel,1768.3
Building Permits,1770.5
Balance of Trade,1770.5
Inflation Rate YoY,1784.9
Inflation Rate YoY,1784.9
Gfk Consumer Confidence,1781.9
Retail Sales MoM,1796.3
Markit Composite PMI Flash,1796.3
Markit/CIPS Composite PMI Flash,1796.3
Durable Goods Orders MoM,1798.8
Inflation Rate YoY Flash,1783.9
Personal Income MoM,1783.9
Personal Spending MoM,1783.9
ISM Manufacturing PMI,1795.8
Balance of Trade,1793.5
Balance of Trade,1793.5
Non Farm Payrolls,1816.8
PPI MoM,1830.8
Inflation Rate YoY,1830.8
Core Inflation Rate YoY,1848.3
Inflation Rate YoY,1848.3
JOLTs Job Openings,1868.5
Michigan Consumer Sentiment Prel,1868.5
Retail Sales MoM,1854.1
Balance of Trade,1854.1
Inflation Rate YoY,1870.2
Inflation Rate YoY,1870.2
Building Permits,1870.2
GfK Consumer Confidence,1861.4
Retail Sales MoM,1851.6
Markit Composite PMI Flash,1783.8
Markit/CIPS Composite PMI Flash,1783.8
Markit Manufacturing PMI Flash,1783.8
Markit Services PMI Flash,1783.8
Durable Goods Orders MoM,1784.3
Personal Income MoM,1784.3
Personal Spending MoM,1784.3
NBS Manufacturing PMI,1785.2
Inflation Rate YoY Flash,1776.5
Caixin Manufacturing PMI,1776.5
ISM Manufacturing PMI,1784.3
Non Farm Payrolls,1783.9
ISM Non-Manufacturing PMI,1783.9
Exports YoY,1779.5
Imports YoY,1779.5
Balance of Trade,1784.7
Balance of Trade,1784.7
JOLTs Job Openings,1785.5
Inflation Rate YoY,1785.5
GDP MoM,1784.8
GDP YoY,1784.8
Core Inflation Rate YoY,1784.8
Inflation Rate YoY,1784.8
Michigan Consumer Sentiment Prel,1784.8
Industrial Production YoY,1772.3
Retail Sales YoY,1772.3
Inflation Rate YoY,1764.5
Inflation Rate YoY,1764.5
Retail Sales MoM,1764.5
Balance of Trade,1764.5
Markit Composite PMI Flash,1798.2
Markit/CIPS Composite PMI Flash,1798.2
BoE Quantitative Easing,1798.2
Building Permits,1798.2
Markit Manufacturing PMI Flash,1798.2
Markit Services PMI Flash,1798.2
Retail Sales MoM,1804.9
Durable Goods Orders MoM,1811.7
Personal Income MoM,1811.7
Personal Spending MoM,1811.7
NBS Manufacturing PMI,1814.1
Caixin Manufacturing PMI,1800.1
ISM Manufacturing PMI,1814.6
JOLTs Job Openings,1814.6
Balance of Trade,1789.2
Balance of Trade,1789.2
ISM Non-Manufacturing PMI,1789.2
Inflation Rate YoY Flash,1797.4
Non Farm Payrolls,1797.4
Inflation Rate YoY,1818.5
Core Inflation Rate YoY,1827.3
Inflation Rate YoY,1827.3
Exports YoY,1821.4
Imports YoY,1821.4
GDP MoM,1816.5
Retail Sales MoM,1816.5
Michigan Consumer Sentiment Prel,1816.5
Inflation Rate YoY,1843.2
Inflation Rate YoY,1843.2
Building Permits,1843.2
Balance of Trade,1843.2
Gfk Consumer Confidence,1842.6
Retail Sales MoM,1831.8
Markit Composite PMI Flash,1841.7
Markit/CIPS Composite PMI Flash,1841.7
Durable Goods Orders MoM,1793.1
Personal Income MoM,1786.6
Personal Spending MoM,1786.6
ISM Manufacturing PMI,1801.5
JOLTs Job Openings,1801.5
Inflation Rate YoY Flash,1810.3
ISM Non-Manufacturing PMI,1804.1
Non Farm Payrolls,1807.8
Balance of Trade,1827.9
Balance of Trade,1827.9
Core Inflation Rate YoY,1837.4
Inflation Rate YoY,1837.4
GDP MoM,1842.1
GDP YoY,1842.1
Michigan Consumer Sentiment Prel,1842.1
Claimant Count Change,1856.2
Inflation Rate YoY,1856.2
Inflation Rate YoY,1871.5
Inflation Rate YoY,1871.5
Retail Sales MoM,1871.5
Balance of Trade,1871.5
Building Permits,1902.0
Retail Sales MoM,1899.8
Markit/CIPS Manufacturing PMI Flash,1907.4
Markit/CIPS UK Services PMI Flash,1907.4
Gfk Consumer Confidence,1926.3
Durable Goods Orders MoM,1887.6
Personal Income MoM,1887.6
Personal Spending MoM,1887.6
NBS Manufacturing PMI,1900.7
Caixin Manufacturing PMI,1900.7
ISM Manufacturing PMI,1943.8
Inflation Rate YoY Flash,1922.3
ISM Non-Manufacturing PMI,1935.9
Non Farm Payrolls,1966.6
Balance of Trade,2043.3
Balance of Trade,2043.3
Inflation Rate YoY,2043.3
JOLTs Job Openings,1988.2
Core Inflation Rate YoY,2000.4
Inflation Rate YoY,2000.4
GDP MoM,1985.0
Michigan Consumer Sentiment Prel,1985.0
Industrial Production YoY,1960.8
PPI MoM,1929.7
Balance of Trade,1929.7
Inflation Rate YoY,1909.2
Retail Sales MoM,1909.2
Building Permits,1943.2
Inflation Rate YoY,1937.3
Markit/CIPS Manufacturing PMI Flash,1962.2
Markit/CIPS UK Services PMI Flash,1962.2
Durable Goods Orders MoM,1962.2
Gfk Consumer Confidence,1962.2
Retail Sales MoM,1954.2
JOLTs Job Openings,1912.2
NBS Manufacturing PMI,1939.0
Personal Income MoM,1954.0
Personal Spending MoM,1954.0
Tankan Large Manufacturers Index,1954.0
Caixin Manufacturing PMI,1954.0
Inflation Rate YoY Flash,1923.7
Non Farm Payrolls,1923.7
ISM Manufacturing PMI,1923.7
Balance of Trade,1927.5
Balance of Trade,1927.5
ISM Non-Manufacturing PMI,1927.5
Ivey PMI s.a,1923.1
GDP MoM,1948.2
Core Inflation Rate YoY,1976.1
Inflation Rate YoY,1976.1
Balance of Trade,1976.1
Inflation Rate YoY,1984.7
PPI MoM,1984.7
Retail Sales MoM,1974.9
Michigan Consumer Sentiment Prel,1974.9
Building Permits,1959.0
Balance of Trade,1959.0
Inflation Rate YoY,1955.6
Gfk Consumer Confidence,1948.2
Retail Sales MoM,1934.3
S&P Global/CIPS Manufacturing PMI Flash,1934.3
S&P Global/CIPS UK Services PMI Flash,1934.3
Durable Goods Orders MoM,1904.1
Inflation Rate YoY Flash,1911.7
Personal Income MoM,1911.7
Personal Spending MoM,1911.7
NBS Manufacturing PMI,1911.7
Caixin Manufacturing PMI,1911.7
ISM Manufacturing PMI,1911.7
JOLTs Job Openings,1870.6
Balance of Trade,1868.8
Balance of Trade,1868.8
ISM Non-Manufacturing PMI,1868.8
Non Farm Payrolls,1868.8
Balance of Trade,1868.8
Inflation Rate YoY,1841.0
Core Inflation Rate YoY,1853.7
Inflation Rate YoY,1853.7
GDP MoM,1824.6
PPI MoM,1824.6
Michigan Consumer Sentiment Prel,1824.6
Industrial Production YoY,1824.6
Claimant Count Change,1818.9
Retail Sales MoM,1818.9
Inflation Rate YoY,1815.9
Inflation Rate YoY,1815.9
Building Permits,1815.9
Balance of Trade,1815.9
Gfk Consumer Confidence,1841.2
Retail Sales MoM,1841.2
S&P Global/CIPS Manufacturing PMI Flash,1865.4
S&P Global/CIPS UK Services PMI Flash,1865.4
Durable Goods Orders MoM,1846.3
Personal Income MoM,1846.3
Personal Spending MoM,1846.3
Inflation Rate YoY Flash,1848.4
Caixin Manufacturing PMI,1848.4
ISM Manufacturing PMI,1848.7
JOLTs Job Openings,1848.7
Non Farm Payrolls,1850.2
ISM Non-Manufacturing PMI,1850.2
Balance of Trade,1852.1
Balance of Trade,1852.1
Balance of Trade,1856.5
Inflation Rate YoY,1852.8
Core Inflation Rate YoY,1875.5
Inflation Rate YoY,1875.5
Michigan Consumer Sentiment Prel,1875.5
GDP MoM,1831.8
Claimant Count Change,1813.5
PPI MoM,1813.5
Industrial Production YoY,1813.5
Retail Sales MoM,1819.6
Balance of Trade,1819.6
Building Permits,1849.9
Inflation Rate YoY,1838.4
Inflation Rate YoY,1838.4
S&P Global/CIPS Manufacturing PMI Flash,1829.8
Gfk Consumer Confidence,1829.8
Retail Sales MoM,1830.3
Durable Goods Orders MoM,1824.8
NBS Manufacturing PMI,1817.5
Personal Income MoM,1807.3
Personal Spending MoM,1807.3
Tankan Large Manufacturers Index,1807.3
Caixin Manufacturing PMI,1807.3
Inflation Rate YoY Flash,1801.5
ISM Manufacturing PMI,1801.5
S&P Global/CIPS UK Services PMI Final,1768.9
ISM Non-Manufacturing PMI,1736.5
JOLTs Job Openings,1736.5
Balance of Trade,1739.7
Balance of Trade,1739.7
Non Farm Payrolls,1742.3
Inflation Rate YoY,1742.3
GDP MoM,1735.5
Balance of Trade,1735.5
Core Inflation Rate YoY,1735.5
Inflation Rate YoY,1735.5
PPI MoM,1705.8
Industrial Production YoY,1705.8
Retail Sales MoM,1703.6
Michigan Consumer Sentiment Prel,1703.6
Building Permits,1710.7
Inflation Rate YoY,1700.2
Inflation Rate YoY,1700.2
Balance of Trade,1700.2
Gfk Consumer Confidence,1713.4
Retail Sales MoM,1727.4
S&P Global/CIPS Manufacturing PMI Flash,1727.4
Durable Goods Orders MoM,1719.1
Inflation Rate YoY Flash,1781.8
Personal Income MoM,1781.8
Personal Spending MoM,1781.8
ISM Manufacturing PMI,1787.7
JOLTs Job Openings,1789.7
S&P Global/CIPS UK Services PMI Final,1776.4
ISM Non-Manufacturing PMI,1776.4
Balance of Trade,1806.9
Balance of Trade,1806.9
Non Farm Payrolls,1791.2
Inflation Rate YoY,1812.3
Core Inflation Rate YoY,1813.7
Inflation Rate YoY,1813.7
PPI MoM,1807.2
GDP MoM,1815.5
Michigan Consumer Sentiment Prel,1815.5
Inflation Rate YoY,1789.7
Building Permits,1789.7
Balance of Trade,1789.7
Inflation Rate YoY,1776.7
Retail Sales MoM,1776.7
Gfk Consumer Confidence,1771.2
Retail Sales MoM,1762.9
S&P Global/CIPS Manufacturing PMI Flash,1761.2
Durable Goods Orders MoM,1761.5
Personal Income MoM,1749.8
Personal Spending MoM,1749.8
JOLTs Job Openings,1736.3
NBS Manufacturing PMI,1736.3
Inflation Rate YoY Flash,1726.2
Caixin Manufacturing PMI,1726.2
ISM Manufacturing PMI,1709.3
Non Farm Payrolls,1722.6
S&P Global/CIPS UK Services PMI Final,1712.9
ISM Non-Manufacturing PMI,1707.9
Balance of Trade,1707.9
Balance of Trade,1727.8
Balance of Trade,1727.8
Inflation Rate YoY,1720.2
GDP MoM,1740.6
Core Inflation Rate YoY,1717.4
Inflation Rate YoY,1717.4
Inflation Rate YoY,1709.1
PPI MoM,1709.1
Retail Sales MoM,1677.3
Industrial Production YoY,1677.3
Retail Sales MoM,1683.5
Michigan Consumer Sentiment Prel,1683.5
Inflation Rate YoY,1671.1
Building Permits,1671.1
Gfk Consumer Confidence,1681.1
Durable Goods Orders MoM,1636.2
NBS Manufacturing PMI,1668.6
Caixin Manufacturing PMI,1668.6
Inflation Rate YoY Flash,1672.0
Personal Income MoM,1672.0
Personal Spending MoM,1672.0
ISM Manufacturing PMI,1702.0
JOLTs Job Openings,1730.5
Balance of Trade,1720.8
Balance of Trade,1720.8
ISM Non-Manufacturing PMI,1720.8
Non Farm Payrolls,1709.3
GDP MoM,1677.5
PPI MoM,1677.5
Core Inflation Rate YoY,1677.0
Inflation Rate YoY,1677.0
Inflation Rate YoY,1677.0
Retail Sales MoM,1648.9
Michigan Consumer Sentiment Prel,1648.9
Inflation Rate YoY,1634.2
Inflation Rate YoY,1634.2
Building Permits,1634.2
Balance of Trade,1634.2
Gfk Consumer Confidence,1636.8
Retail Sales MoM,1656.3
Durable Goods Orders MoM,1665.6
Personal Income MoM,1644.8
Personal Spending MoM,1644.8
Inflation Rate YoY Flash,1640.7
Caixin Manufacturing PMI,1640.7
ISM Manufacturing PMI,1649.7
JOLTs Job Openings,1649.7
Balance of Trade,1630.9
Balance of Trade,1630.9
ISM Non-Manufacturing PMI,1630.9
Non Farm Payrolls,1676.6
Inflation Rate YoY,1716.0
Core Inflation Rate YoY,1753.7
Inflation Rate YoY,1753.7
GDP MoM,1769.4
Michigan Consumer Sentiment Prel,1769.4
Industrial Production YoY,1776.9
PPI MoM,1776.8
Inflation Rate YoY,1775.8
Inflation Rate YoY,1775.8
Retail Sales MoM,1775.8
Balance of Trade,1775.8
Retail Sales MoM,1754.4
Durable Goods Orders MoM,1745.6
NBS Manufacturing PMI,1763.7
Inflation Rate YoY Flash,1759.9
JOLTs Job Openings,1759.9
Caixin Manufacturing PMI,1759.9
Personal Income MoM,1815.2
Personal Spending MoM,1815.2
ISM Manufacturing PMI,1815.2
Non Farm Payrolls,1809.6
ISM Non-Manufacturing PMI,1781.3
Balance of Trade,1782.4
Balance of Trade,1782.4
Balance of Trade,1782.4
Inflation Rate YoY,1801.5
PPI MoM,1810.7
Michigan Consumer Sentiment Prel,1810.7
GDP MoM,1792.3
Claimant Count Change,1825.5
Core Inflation Rate YoY,1825.5
Inflation Rate YoY,1825.5
Tankan Large Manufacturers Index,1825.5
Inflation Rate YoY,1818.7
Fed Interest Rate Decision,1818.7
Balance of Trade,1818.7
Industrial Production YoY,1818.7
BoE Interest Rate Decision,1787.8
Deposit Facility Rate,1787.8
ECB Interest Rate Decision,1787.8
Retail Sales MoM,1787.8
GfK Consumer Confidence,1787.8
Retail Sales MoM,1800.2
BoJ Interest Rate Decision,1797.7
Building Permits Prel,1825.4
Inflation Rate YoY,1825.4
Durable Goods Orders MoM,1804.2
Personal Income MoM,1804.2
Personal Spending MoM,1804.2
NBS Manufacturing PMI,1826.2
ISM Manufacturing PMI,1859.0
JOLTs Job Openings,1859.0
Balance of Trade,1840.6
Balance of Trade,1840.6
Inflation Rate YoY Flash,1869.7
Non Farm Payrolls,1869.7
Unemployment Rate,1869.7
ISM Non-Manufacturing PMI,1869.7
Inflation Rate YoY,1878.9
Core Inflation Rate YoY,1898.8
Inflation Rate YoY,1898.8
Balance of Trade,1898.8
GDP MoM,1921.7
Michigan Consumer Sentiment Prel,1921.7
GDP Growth Rate YoY,1909.9
Industrial Production YoY,1909.9
Unemployment Rate,1907.2
Inflation Rate YoY,1907.2
Inflation Rate YoY,1907.0
PPI MoM,1907.0
Retail Sales MoM,1907.0
Balance of Trade,1907.0
Building Permits Prel,1923.9
Gfk Consumer Confidence,1923.9
Retail Sales MoM,1928.2
BoC Interest Rate Decision,1950.3
Durable Goods Orders MoM,1937.6
GDP Growth Rate QoQ Adv,1937.6
Core PCE Price Index MoM,1936.6
Personal Income MoM,1936.6
Personal Spending MoM,1936.6
NBS Manufacturing PMI,1922.9
Consumer Confidence,1929.5
GDP Growth Rate QoQ Flash,1929.5
GDP Growth Rate YoY Flash,1929.5
Caixin Manufacturing PMI,1929.5
Inflation Rate YoY Flash,1927.8
Unemployment Rate,1927.8
ISM Manufacturing PMI,1927.8
JOLTs Job Openings,1927.8
Fed Interest Rate Decision,1927.8
BoE Interest Rate Decision,1916.3
Deposit Facility Rate,1916.3
ECB Interest Rate Decision,1916.3
Non Farm Payrolls,1862.9
Unemployment Rate,1862.9
ISM Non-Manufacturing PMI,1862.9
Ivey PMI s.a,1866.2
Balance of Trade,1871.7
Balance of Trade,1871.7
Inflation Rate YoY,1866.2
GDP Growth Rate QoQ Prel,1862.8
GDP Growth Rate YoY Prel,1862.8
GDP MoM,1862.8
Unemployment Rate,1862.8
Michigan Consumer Sentiment Prel,1862.8
GDP Growth Annualized Prel,1851.9
GDP Growth Rate QoQ Prel,1851.9
Unemployment Rate,1854.0
Core Inflation Rate YoY,1854.0
Inflation Rate YoY,1854.0
Inflation Rate YoY,1834.2
Retail Sales MoM,1834.2
Balance of Trade,1834.2
Building Permits Prel,1842.0
PPI MoM,1842.0
Retail Sales MoM,1840.4
Inflation Rate YoY,1842.5
Gfk Consumer Confidence,1818.8
Core PCE Price Index MoM,1809.2
Personal Income MoM,1809.2
Personal Spending MoM,1809.2
Durable Goods Orders MoM,1824.9
NBS Manufacturing PMI,1836.7
Caixin Manufacturing PMI,1836.7
ISM Manufacturing PMI,1845.4
Consumer Confidence,1840.5
Inflation Rate YoY Flash,1840.5
Unemployment Rate,1840.5
ISM Non-Manufacturing PMI,1854.6
Ivey PMI s.a,1854.6
Balance of Trade,1854.6
Balance of Trade,1818.6
Balance of Trade,1818.6
BoC Interest Rate Decision,1818.6
JOLTs Job Openings,1818.6
Inflation Rate YoY,1818.6
BoJ Interest Rate Decision,1834.6
GDP MoM,1867.2
Unemployment Rate,1867.2
Non Farm Payrolls,1867.2
Unemployment Rate,1867.2
Unemployment Rate,1910.9
Core Inflation Rate YoY,1910.9
Inflation Rate YoY,1910.9
Industrial Production YoY,1910.9
PPI MoM,1948.1
Retail Sales MoM,1948.1
Balance of Trade,1948.1
Building Permits Prel,1939.7
Deposit Facility Rate,1939.7
ECB Interest Rate Decision,1939.7
Michigan Consumer Sentiment Prel,1990.2
Inflation Rate YoY,1958.3
Inflation Rate YoY,1966.6
Fed Interest Rate Decision,1966.6
BoE Interest Rate Decision,2013.3
Gfk Consumer Confidence,2013.3
Retail Sales MoM,2001.7
Durable Goods Orders MoM,2001.7
NBS Manufacturing PMI,1980.3
Inflation Rate YoY Flash,1969.0
Unemployment Rate,1969.0
Core PCE Price Index MoM,1969.0
Personal Income MoM,1969.0
Personal Spending MoM,1969.0
ISM Manufacturing PMI,1983.9
JOLTs Job Openings,2022.2
Balance of Trade,2020.9
Balance of Trade,2020.9
ISM Non-Manufacturing PMI,2020.9
Unemployment Rate,2011.9
Ivey PMI s.a,2011.9
Consumer Confidence,1989.1
Inflation Rate YoY,1989.1
Core Inflation Rate YoY,2010.9
Inflation Rate MoM,2010.9
Inflation Rate YoY,2010.9
Balance of Trade,2010.9
GDP MoM,2041.3
PPI MoM,2041.3
Retail Sales MoM,2002.2
Michigan Consumer Sentiment Prel,2002.2
GDP Growth Rate YoY,1994.2
Industrial Production YoY,1994.2
Unemployment Rate,2010.3
Inflation Rate YoY,2010.3
Building Permits Prel,2010.3
Inflation Rate YoY,1998.0
Balance of Trade,1998.0
Gfk Consumer Confidence,2009.8
Retail Sales MoM,1981.3
Durable Goods Orders MoM,1986.9
GDP Growth Rate QoQ Adv,1999.0
BoJ Interest Rate Decision,1999.0
GDP Growth Rate QoQ Flash,1999.1
GDP Growth Rate YoY Flash,1999.1
Core PCE Price Index MoM,1999.1
Personal Income MoM,1999.1
Personal Spending MoM,1999.1
Inflation Rate YoY Flash,2023.3
JOLTs Job Openings,2023.3
Unemployment Rate,2037.0
ISM Services PMI,2037.0
Fed Interest Rate Decision,2037.0
Caixin Manufacturing PMI,2037.0
Deposit Facility Rate,2055.7
ECB Interest Rate Decision,2055.7
Balance of Trade,2055.7
Balance of Trade,2055.7
Ivey PMI s.a,2055.7
Unemployment Rate,2055.7
Non Farm Payrolls,2055.7
Unemployment Rate,2055.7
Balance of Trade,2055.7
Core Inflation Rate YoY,2037.1
Inflation Rate MoM,2037.1
Inflation Rate YoY,2037.1
Inflation Rate YoY,2037.1
BoE Interest Rate Decision,2020.5
PPI MoM,2020.5
GDP Growth Rate QoQ Prel,2020.5
GDP Growth Rate YoY Prel,2020.5
GDP MoM,2020.5
Michigan Consumer Sentiment Prel,2020.5
Industrial Production YoY,2020.5
Unemployment Rate,1988.4
Inflation Rate YoY,1988.4
Retail Sales MoM,1988.4
GDP Growth Annualized Prel,1988.4
GDP Growth Rate QoQ Prel,1988.4
Building Permits Prel,1980.7
Balance of Trade,1980.7
Gfk Consumer Confidence,1956.5
Inflation Rate YoY,1956.5
Inflation Rate YoY,1962.8
Retail Sales MoM,1962.8
Core PCE Price Index MoM,1962.8
Durable Goods Orders MoM,1962.8
Personal Income MoM,1962.8
Personal Spending MoM,1962.8
NBS Manufacturing PMI,1977.1
Consumer Confidence,1982.1
GDP Growth Rate QoQ,1982.1
JOLTs Job Openings,1982.1
Caixin Manufacturing PMI,1982.1
Inflation Rate YoY Flash,1995.5
Unemployment Rate,1995.5
ISM Manufacturing PMI,1995.5
Non Farm Payrolls,1969.6
Unemployment Rate,1969.6
ISM Services PMI,1974.3
Ivey PMI s.a,1981.5
Balance of Trade,1981.5
Balance of Trade,1958.4
Inflation Rate YoY,1978.6
Unemployment Rate,1977.2
Unemployment Rate,1958.6
Core Inflation Rate YoY,1958.6
Inflation Rate MoM,1958.6
Inflation Rate YoY,1958.6
GDP MoM,1968.9
PPI MoM,1968.9
Fed Interest Rate Decision,1968.9
Balance of Trade,1968.9
Industrial Production YoY,1968.9
Deposit Facility Rate,1961.8
ECB Interest Rate Decision,1961.8
Retail Sales MoM,1961.8
BoJ Interest Rate Decision,1961.8
Michigan Consumer Sentiment Prel,1962.2
Building Permits Prel,1938.9
Inflation Rate YoY,1936.1
BoE Interest Rate Decision,1915.0
Gfk Consumer Confidence,1915.0
Inflation Rate YoY,1915.0
Retail Sales MoM,1921.0
Inflation Rate YoY,1915.1
Durable Goods Orders MoM,1915.1
Consumer Confidence,1917.9
NBS Manufacturing PMI,1917.9
Inflation Rate YoY Flash,1929.4
Unemployment Rate,1929.4
Core PCE Price Index MoM,1929.4
Personal Income MoM,1929.4
Personal Spending MoM,1929.4
ISM Manufacturing PMI,1929.5
ISM Services PMI,1915.4
JOLTs Job Openings,1915.4
Unemployment Rate,1932.5
Non Farm Payrolls,1932.5
Unemployment Rate,1932.5
Unemployment Rate,1937.1
Core Inflation Rate MoM,1961.7
Core Inflation Rate YoY,1961.7
Inflation Rate MoM,1961.7
Inflation Rate YoY,1961.7
BoC Interest Rate Decision,1961.7
Balance of Trade,1961.7
GDP MoM,1963.8
PPI MoM,1963.8
Michigan Consumer Sentiment Prel,1964.4
Inflation Rate YoY,1980.8
Retail Sales MoM,1980.8
Inflation Rate YoY,1980.8
Building Permits Prel,1980.8
Balance of Trade,1980.8
Inflation Rate YoY,1970.9
Retail Sales MoM,1966.6
Fed Interest Rate Decision,1989.7
ECB Interest Rate Decision,1965.3
Durable Goods Orders MoM,1965.3
GDP Growth Rate QoQ Adv,1965.3
BoJ Interest Rate Decision,1965.3
Core PCE Price Index MoM,1999.9
Personal Income MoM,1999.9
Personal Spending MoM,1999.9
GDP Growth Rate QoQ Flash,2009.2
GDP Growth Rate YoY Flash,2009.2
Inflation Rate YoY Flash,2009.2
Caixin Manufacturing PMI,2009.2
ISM Manufacturing PMI,1978.8
JOLTs Job Openings,1978.8
BoE Interest Rate Decision,1968.8
ISM Services PMI,1968.8
Unemployment Rate,1976.1
Non Farm Payrolls,1976.1
Unemployment Rate,1976.1
Ivey PMI s.a,1976.1
Balance of Trade,1970.0
Inflation Rate YoY,1959.9
Core Inflation Rate MoM,1948.9
Core Inflation Rate YoY,1948.9
Inflation Rate MoM,1948.9
Inflation Rate YoY,1948.9
GDP Growth Rate QoQ Prel,1946.6
GDP Growth Rate YoY Prel,1946.6
GDP MoM,1946.6
PPI MoM,1946.6
Michigan Consumer Sentiment Prel,1946.6
GDP Growth Annualized Prel,1944.0
GDP Growth Rate QoQ Prel,1944.0
Industrial Production YoY,1944.0
Unemployment Rate,1935.2
Inflation Rate YoY,1935.2
Retail Sales MoM,1935.2
Inflation Rate YoY,1928.3
Building Permits Prel,1928.3
Balance of Trade,1928.3
Inflation Rate YoY,1915.2
Retail Sales MoM,1916.5
Durable Goods Orders MoM,1947.1
JOLTs Job Openings,1965.1
GDP Growth Rate QoQ 2nd Est,1973.0
NBS Manufacturing PMI,1973.0
Inflation Rate YoY Flash,1965.9
Core PCE Price Index MoM,1965.9
Personal Income MoM,1965.9
Personal Spending MoM,1965.9
Caixin Manufacturing PMI,1965.9
GDP Growth Rate QoQ,1967.1
Non Farm Payrolls,1967.1
Unemployment Rate,1967.1
ISM Manufacturing PMI,1967.1
ISM Services PMI,1944.2
Balance of Trade,1944.2
Ivey PMI s.a,1942.5
Unemployment Rate,1942.7
Inflation Rate YoY,1942.7
Unemployment Rate,1935.1
GDP MoM,1932.5
Core Inflation Rate MoM,1932.5
Core Inflation Rate YoY,1932.5
Inflation Rate MoM,1932.5
Inflation Rate YoY,1932.5
ECB Interest Rate Decision,1932.8
PPI MoM,1932.8
Retail Sales MoM,1932.8
Industrial Production YoY,1932.8
Retail Sales YoY,1932.8
Michigan Consumer Sentiment Prel,1946.2
Inflation Rate YoY,1953.7
Building Permits Prel,1953.7
Balance of Trade,1953.7
Inflation Rate YoY,1967.1
Fed Interest Rate Decision,1967.1
BoE Interest Rate Decision,1939.6
BoJ Interest Rate Decision,1939.6
Retail Sales MoM,1945.6
Durable Goods Orders MoM,1890.9
GDP Growth Rate QoQ Final,1878.6
Inflation Rate YoY Flash,1866.1
Core PCE Price Index MoM,1866.1
Personal Income MoM,1866.1
Personal Spending MoM,1866.1
NBS Manufacturing PMI,1866.1
ISM Manufacturing PMI,1847.2
JOLTs Job Openings,1841.5
ISM Services PMI,1834.8
Ivey PMI s.a,1831.8
Unemployment Rate,1845.2
Non Farm Payrolls,1845.2
Unemployment Rate,1845.2
PPI MoM,1887.3
GDP MoM,1883.0
Core Inflation Rate MoM,1883.0
Core Inflation Rate YoY,1883.0
Inflation Rate MoM,1883.0
Inflation Rate YoY,1883.0
Inflation Rate YoY,1883.0
Balance of Trade,1883.0
Michigan Consumer Sentiment Prel,1941.5
Inflation Rate YoY,1935.7
Retail Sales MoM,1935.7
GDP Growth Rate YoY,1935.7
Industrial Production YoY,1935.7
Retail Sales YoY,1935.7
Inflation Rate YoY,1968.3
Building Permits Prel,1968.3
Balance of Trade,1968.3
ECB Interest Rate Decision,1987.9
Durable Goods Orders MoM,1987.9
GDP Growth Rate QoQ Adv,1987.9
Core PCE Price Index MoM,1989.0
Personal Income MoM,1989.0
Personal Spending MoM,1989.0
NBS Manufacturing PMI,2005.6
BoJ Interest Rate Decision,2005.6
GDP Growth Rate QoQ Flash,1994.3
GDP Growth Rate YoY Flash,1994.3
Inflation Rate YoY Flash,1994.3
Caixin Manufacturing PMI,1994.3
ISM Manufacturing PMI,1987.5
JOLTs Job Openings,1987.5
Fed Interest Rate Decision,1987.5
BoE Interest Rate Decision,1993.5
Unemployment Rate,1999.2
Non Farm Payrolls,1999.2
Unemployment Rate,1999.2
ISM Services PMI,1999.2
Ivey PMI s.a,1988.6
Balance of Trade,1988.6
Inflation Rate YoY,1957.8
GDP Growth Rate QoQ Prel,1937.7
GDP Growth Rate YoY Prel,1937.7
GDP MoM,1937.7
Michigan Consumer Sentiment Prel,1937.7
Unemployment Rate,1966.5
Core Inflation Rate MoM,1966.5
Core Inflation Rate YoY,1966.5
Inflation Rate MoM,1966.5
Inflation Rate YoY,1966.5
GDP Growth Annualized Prel,1966.5
GDP Growth Rate QoQ Prel,1966.5
Industrial Production YoY,1966.5
Retail Sales YoY,1966.5
Inflation Rate YoY,1964.3
PPI MoM,1964.3
Retail Sales MoM,1964.3
Balance of Trade,1964.3
Retail Sales MoM,1984.7
Building Permits Prel,1984.7
Inflation Rate YoY,2012.0
Durable Goods Orders MoM,2003.4
GDP Growth Rate QoQ 2nd Est,2067.1
NBS Manufacturing PMI,2067.1
Inflation Rate YoY Flash,2057.2
Core PCE Price Index MoM,2057.2
Personal Income MoM,2057.2
Personal Spending MoM,2057.2
Caixin Manufacturing PMI,2057.2
Unemployment Rate,2089.7
ISM Manufacturing PMI,2089.7
